objectId,witness
sp_208_Normalized,[ ]
sp_207_Normalized,[ ]
sp_206_Normalized,[ ]
sp_69_Normalized,{ }
sp_70_Normalized,{ }
sp_228_Normalized,{ }
sp_229_Normalized,{ }
sp_234_Normalized,{ }
sp_231_Normalized,{ }
sp_239_Normalized,{ }
sp_74_Normalized,{ }
sp_218_Normalized,{ }
sp_214_Normalized,[ ]
sp_237_Normalized,{ }
sp_240_Normalized,{ }
sp_147_Normalized,"{
  ""id"" : ""myu""
}"
sp_270_Normalized,{ }
sp_176_Normalized,{ }
sp_238_Normalized,{ }
sp_233_Normalized,{ }
sp_271_Normalized,"{
  ""all"" : false
}"
sp_382_Normalized,[ ]
sp_141_Normalized,"{
  ""name"" : ""myu""
}"
sp_48_Normalized,{ }
sp_174_Normalized,{ }
sp_315_Normalized,"{
  ""id"" : ""uwwk""
}"
sp_260_Normalized,{ }
sp_256_Normalized,{ }
sp_171_Normalized,{ }
sp_278_Normalized,"{
  ""originalEventId"" : ""myu""
}"
sp_60_Normalized,"{
  ""screenName"" : ""myu""
}"
sp_325_Normalized,"{
  ""uri"" : ""myu""
}"
sp_327_Normalized,"{
  ""id"" : ""ede79E8F-eE30-8e6a-0Fd7-d791AFFB3E7E""
}"
sp_78_Normalized,{ }
sp_86_Normalized,{ }
sp_89_Normalized,"{
  ""search_term"" : ""myu""
}"
sp_146_Normalized,"{
  ""name"" : ""yuwwkrxnfmqgee""
}"
sp_85_Normalized,{ }
sp_92_Normalized,{ }
sp_405_Normalized,"{
  ""ampPageViewId"" : ""myu""
}"
sp_301_Normalized,"{
  ""parentEventId"" : ""myu""
}"
sp_59_Normalized,{ }
sp_414_Normalized,"{
  ""name"" : ""myu"",
  ""value"" : ""krxnfmqgeebeo""
}"
sp_71_Normalized,{ }
sp_148_Normalized,"{
  ""action"" : ""myu"",
  ""network"" : ""krxnfmqgeebeo""
}"
sp_40_Normalized,{ }
sp_159_Normalized,{ }
sp_158_Normalized,{ }
sp_164_Normalized,"{
  ""browserid"" : ""myu"",
  ""deviceid"" : ""krxnfmqgeebeo""
}"
sp_67_Normalized,{ }
sp_324_Normalized,"{
  ""schema"" : ""iglu:mjo5_E9IRoGVLt9o2bnJGk57j4-NsGHwUF4FJtzlR7RlXzDpfQ6fQQO4_qKPlboonOJwoKRIJSfod50HYcnjRJFQIK9KkWm/vSHTxpTP6ixxBS0y0EdrJrb_g5WI2NV7LvlerCbdYpxlWnFiHDF-G5b/9Q75DYx77FTpstAip-zrAvi17puQFFxHv2hNcO5XtsXnAARHmOWUbfHHdI-lVkCW/826348625900814376606108763822766361544679404030740-3011345829139052911177005415276311486928409478089-9742247137561041415411282146939337966559577447358379545134369585861414773028074231165909"",
  ""data"" : -1.7976931348623157E308
}"
sp_318_Normalized,"{
  ""action"" : ""myu"",
  ""network"" : ""krxnfmqgeebeo""
}"
sp_42_Normalized,{ }
sp_248_Normalized,"{
  ""schema"" : ""iglu:mjo5_E9IRoGVLt9o2bnJGk57j4-NsGHwUF4FJtzlR7RlXzDpfQ6fQQO4_qKPlboonOJwoKRIJSfod50HYcnjRJFQIK9KkWm/vSHTxpTP6ixxBS0y0EdrJrb_g5WI2NV7LvlerCbdYpxlWnFiHDF-G5b/9Q75DYx77FTpstAip-zrAvi17puQFFxHv2hNcO5XtsXnAARHmOWUbfHHdI-lVkCW/826348625900814376606108763822766361544679404030740-3011345829139052911177005415276311486928409478089-9742247137561041415411282146939337966559577447358379545134369585861414773028074231165909"",
  ""data"" : -1.7976931348623157E308
}"
sp_262_Normalized,"{
  ""line"" : ""myu"",
  ""errors"" : [ ""xnfm"" ]
}"
sp_165_Normalized,"{
  ""optout"" : ""true"",
  ""encryptedId"" : ""uwwk""
}"
sp_216_Normalized,"{
  ""recordId"" : ""myu""
}"
sp_44_Normalized,{ }
sp_413_Normalized,"{
  ""name"" : ""myu"",
  ""value"" : null
}"
sp_41_Normalized,{ }
sp_39_Normalized,{ }
sp_57_Normalized,{ }
sp_166_Normalized,{ }
sp_320_Normalized,"{
  ""timing"" : -1.7976931348623157E308,
  ""variable"" : ""wwkrxnfmqgeebe"",
  ""category"" : ""pezsdzspmq""
}"
sp_167_Normalized,{ }
sp_273_Normalized,[ ]
sp_282_Normalized,[ ]
sp_11_Normalized,"{
  ""jsonpaths"" : [ ""uwwk"" ]
}"
sp_168_Normalized,{ }
sp_272_Normalized,"[ {
  ""schema"" : ""iglu:G6.tqy6.IYtwwTIGLA2ZCcY3muiGaS5qaJa.JLTBNgyIIjunNJVb-vAoUvoXmthdExiPnGFVPqLmvse60tAn4Kge3-KF3/ovt/0l9ILFHuy6qRyJl72gZctUoDUo8g7KQKtx-iaSImopxis8mNwDLetgkonWPOwrsAGS1XOJ/6017292961022-0518942562081746697290451464071919013746361889396515752971396529086815-70643734404816940889793055070597628570602994005123489905523178381660006137896470718353"",
  ""data"" : true
} ]"
sp_380_Normalized,"{
  ""shreddedTypes"" : [ ]
}"
sp_161_Normalized,{ }
sp_33_Normalized,{ }
sp_28_Normalized,{ }
sp_321_Normalized,"{
  ""vendor"" : ""myu"",
  ""name"" : ""krxnfmqgeebeo"",
  ""enabled"" : false
}"
sp_290_Normalized,{ }
sp_326_Normalized,"{
  ""vendor"" : ""myu"",
  ""name"" : ""krxnfmqgeebeo"",
  ""enabled"" : false
}"
sp_297_Normalized,"{
  ""type"" : ""myu""
}"
sp_242_Normalized,{ }
sp_156_Normalized,{ }
sp_294_Normalized,"{
  ""targetUrl"" : ""uwwkr""
}"
sp_62_Normalized,"{
  ""action"" : ""myu"",
  ""network"" : ""krxnfmqgeebeo""
}"
sp_247_Normalized,"{
  ""schema"" : """",
  ""data"" : -1.7976931348623157E308
}"
sp_46_Normalized,{ }
sp_250_Normalized,"{
  ""quantity"" : -1.7976931348623157E308,
  ""sku"" : ""rxnfmqgeebeoa""
}"
sp_53_Normalized,{ }
sp_269_Normalized,"{
  ""id"" : ""yuwwkrxnfmqgee"",
  ""version"" : ""oapezsdzspm""
}"
sp_221_Normalized,"{
  ""url"" : ""myu""
}"
sp_83_Normalized,{ }
sp_268_Normalized,[ ]
sp_314_Normalized,"{
  ""quantity"" : -1.7976931348623157E308,
  ""sku"" : ""rxnfmqgeebeoa""
}"
sp_52_Normalized,{ }
sp_30_Normalized,{ }
sp_220_Normalized,"{
  ""url"" : ""myu""
}"
sp_90_Normalized,{ }
sp_295_Normalized,"{
  ""targetUrl"" : ""wwkrxnfmqgeebeo""
}"
sp_175_Normalized,{ }
sp_217_Normalized,"{
  ""build"" : ""myu"",
  ""version"" : ""krxnfmqgeebeo""
}"
sp_37_Normalized,{ }
sp_355_Normalized,"{
  ""vendor"" : ""myu"",
  ""name"" : ""krxnfmqgeebeo"",
  ""enabled"" : false
}"
sp_61_Normalized,{ }
sp_84_Normalized,{ }
sp_227_Normalized,"{
  ""name"" : ""yuwwkrxnfmqgee"",
  ""version"" : ""oapezsdzspm""
}"
sp_43_Normalized,"{
  ""action"" : ""yuwwkrxnfmqgee"",
  ""category"" : ""oapezsdzspm""
}"
sp_276_Normalized,"{
  ""osVersion"" : ""w"",
  ""osType"" : ""xnfm""
}"
sp_31_Normalized,{ }
sp_56_Normalized,{ }
sp_219_Normalized,"{
  ""isVisible"" : false
}"
sp_55_Normalized,{ }
sp_186_Normalized,{ }
sp_316_Normalized,"{
  ""schema"" : ""iglu:mjo5_E9IRoGVLt9o2bnJGk57j4-NsGHwUF4FJtzlR7RlXzDpfQ6fQQO4_qKPlboonOJwoKRIJSfod50HYcnjRJFQIK9KkWm/vSHTxpTP6ixxBS0y0EdrJrb_g5WI2NV7LvlerCbdYpxlWnFiHDF-G5b/9Q75DYx77FTpstAip-zrAvi17puQFFxHv2hNcO5XtsXnAARHmOWUbfHHdI-lVkCW/*-*-3862590081437660610876382276636154467940403074"",
  ""location"" : ""UNSTRUCT_EVENT""
}"
sp_196_Normalized,{ }
sp_198_Normalized,{ }
sp_32_Normalized,{ }
sp_38_Normalized,{ }
sp_58_Normalized,{ }
sp_293_Normalized,"{
  ""vendor"" : ""myu"",
  ""name"" : ""krxnfmqgeebeo"",
  ""parameters"" : {
    ""script"" : ""sdzspmqcxjtgdy""
  },
  ""enabled"" : false
}"
sp_140_Normalized,"{
  ""transitionType"" : ""xnfm""
}"
sp_322_Normalized,"{
  ""vendor"" : ""myu"",
  ""name"" : ""krxnfmqgeebeo"",
  ""enabled"" : false
}"
sp_349_Normalized,"{
  ""vendor"" : ""myu"",
  ""name"" : ""krxnfmqgeebeo"",
  ""parameters"" : {
    ""headersPattern"" : ""sdzspmqcxjtgdy""
  },
  ""enabled"" : false
}"
sp_109_Normalized,{ }
sp_403_Normalized,"{
  ""ampClientId"" : ""yuwwkrxnfmqgee""
}"
sp_49_Normalized,{ }
sp_358_Normalized,"{
  ""accessKeyId"" : ""myu"",
  ""secretAccessKey"" : ""krxnfmqgeebeo"",
  ""awsRegion"" : ""ezsdzspmqcxjtg"",
  ""purpose"" : ""DUPLICATE_TRACKING"",
  ""name"" : ""rpvmw"",
  ""dynamodbTable"" : ""pmpylwrkvm""
}"
sp_29_Normalized,{ }
sp_288_Normalized,"{
  ""latitude"" : -89.34113276052838,
  ""longitude"" : -179.99388281773423
}"
sp_110_Normalized,{ }
sp_91_Normalized,{ }
sp_254_Normalized,"{
  ""vendor"" : ""myu"",
  ""name"" : ""krxnfmqgeebeo"",
  ""parameters"" : {
    ""anonOctets"" : 1.3690025583875718
  },
  ""enabled"" : false
}"
sp_26_Normalized,{ }
sp_317_Normalized,"{
  ""terms"" : [ ""w"" ]
}"
sp_160_Normalized,{ }
sp_155_Normalized,{ }
sp_241_Normalized,{ }
sp_51_Normalized,{ }
sp_274_Normalized,"{
  ""vendor"" : ""myu"",
  ""name"" : ""krxnfmqgeebeo"",
  ""parameters"" : {
    ""cookies"" : [ ]
  },
  ""enabled"" : true
}"
sp_150_Normalized,"{
  ""name"" : ""rxnfmqgeebeoa""
}"
sp_45_Normalized,"{
  ""protocolVersion"" : ""wwkrxnfmqgeebe"",
  ""trackingId"" : ""pezsdzspmq""
}"
sp_312_Normalized,"{
  ""vendor"" : ""myu"",
  ""name"" : ""krxnfmqgeebeo"",
  ""parameters"" : {
    ""internalDomains"" : [ ]
  },
  ""enabled"" : true
}"
sp_356_Normalized,"{
  ""vendor"" : ""myu"",
  ""name"" : ""krxnfmqgeebeo"",
  ""parameters"" : {
    ""mappings"" : { }
  }
}"
sp_362_Normalized,"{
  ""nodesWanOnly"" : false,
  ""port"" : 2378,
  ""purpose"" : ""FAILED_EVENTS"",
  ""name"" : ""xnfm"",
  ""host"" : ""ee"",
  ""index"" : ""oapezsdzspm"",
  ""type"" : ""x""
}"
sp_97_Normalized,"{
  ""roomIdOrName"" : ""uwwkr"",
  ""message"" : ""fmqgeebe""
}"
sp_359_Normalized,"{
  ""accessKeyId"" : ""myu"",
  ""secretAccessKey"" : ""krxnfmqgeebeo"",
  ""awsRegion"" : ""ezsdzspmqcxjtg"",
  ""purpose"" : ""DUPLICATE_TRACKING"",
  ""name"" : ""rpvmw"",
  ""dynamodbTable"" : ""pmpylwrkvm""
}"
sp_253_Normalized,"{
  ""targetUrl"" : ""nfmqgeebeoapez""
}"
sp_298_Normalized,"{
  ""osVersion"" : ""w"",
  ""osType"" : ""xnfm"",
  ""deviceModel"" : ""ee"",
  ""deviceManufacturer"" : ""oapezsdzspm""
}"
sp_381_Normalized,{ }
sp_144_Normalized,{ }
sp_145_Normalized,"{
  ""name"" : ""mqg""
}"
sp_252_Normalized,"{
  ""cost"" : 0.9637047970232077,
  ""costModel"" : ""cpa""
}"
sp_363_Normalized,"{
  ""nodesWanOnly"" : false,
  ""port"" : 2378,
  ""purpose"" : ""FAILED_EVENTS"",
  ""name"" : ""xnfm"",
  ""host"" : ""ee"",
  ""index"" : ""oapezsdzspm"",
  ""type"" : ""x""
}"
sp_251_Normalized,"{
  ""targetUrl"" : ""xnfmq""
}"
sp_108_Normalized,{ }
sp_190_Normalized,{ }
sp_188_Normalized,{ }
sp_154_Normalized,{ }
sp_149_Normalized,"{
  ""name"" : ""nfmqgeebeoape"",
  ""sku"" : ""dzspmqcxjtgdy""
}"
sp_232_Normalized,"{
  ""name"" : ""uwwk"",
  ""state"" : ""RUNNING""
}"
sp_266_Normalized,"{
  ""sessionIndex"" : 892128508,
  ""storageMechanism"" : ""COOKIE_1"",
  ""sessionId"" : ""krxnfmqgeebeo"",
  ""previousSessionId"" : null,
  ""userId"" : ""ece1b228c875c15c""
}"
sp_283_Normalized,"{
  ""vendor"" : ""myu"",
  ""name"" : ""krxnfmqgeebeo"",
  ""parameters"" : {
    ""hashAlgorithm"" : ""MD5"",
    ""excludeParameters"" : [ ]
  },
  ""enabled"" : true
}"
sp_35_Normalized,{ }
sp_277_Normalized,"{
  ""message"" : ""uwwk""
}"
sp_399_Normalized,{ }
sp_255_Normalized,"{
  ""vendor"" : ""myu"",
  ""name"" : ""krxnfmqgeebeo"",
  ""parameters"" : {
    ""anonOctets"" : 1.3690025583875718
  },
  ""enabled"" : false
}"
sp_313_Normalized,"{
  ""vendor"" : ""myu"",
  ""name"" : ""krxnfmqgeebeo"",
  ""parameters"" : {
    ""internalDomains"" : [ ],
    ""database"" : ""zspmqcxj"",
    ""uri"" : """"
  },
  ""enabled"" : true
}"
sp_47_Normalized,"{
  ""name"" : ""w"",
  ""transactionId"" : ""xnfm""
}"
sp_407_Normalized,"{
  ""org_id"" : -718474779,
  ""action"" : ""krxnfmqgeebeo"",
  ""created_at"" : ""ezsdzspmqcxjtg"",
  ""object_id"" : ""xkrpvmwmmpmpyl""
}"
sp_299_Normalized,"{
  ""osVersion"" : ""rxnfmqgeebeoa"",
  ""osType"" : ""zsdzspmqcxjtgd"",
  ""deviceModel"" : ""krpvmwmmpm"",
  ""deviceManufacturer"" : ""lwrkvmeozgb""
}"
sp_34_Normalized,{ }
sp_386_Normalized,{ }
sp_246_Normalized,"{
  ""execution"" : {
    ""timeToLive"" : null,
    ""semantics"" : ""AT_LEAST_ONCE""
  },
  ""whenCreated"" : ""krxnfmqgeebeo"",
  ""commandId"" : ""ezsdzspmqcxjtg"",
  ""tags"" : { }
}"
sp_392_Normalized,{ }
sp_72_Normalized,{ }
sp_66_Normalized,"{
  ""id"" : ""krxnfmqgeebeo""
}"
sp_230_Normalized,"{
  ""name"" : ""yuwwkrxnfmqgee"",
  ""created_at"" : ""oapezsdzspm"",
  ""state"" : ""TERMINATING"",
  ""jobflow_id"" : """"
}"
sp_364_Normalized,"{
  ""schema"" : ""myu"",
  ""database"" : ""krxnfmqgeebeo"",
  ""password"" : ""ezsdzspmqcxjtg"",
  ""port"" : 61453,
  ""purpose"" : ""ENRICHED_EVENTS"",
  ""name"" : ""mwmmpmpylwrk"",
  ""host"" : ""eozgboqayhufoj"",
  ""sslMode"" : ""DISABLE"",
  ""username"" : ""hpteqrgfnzdj""
}"
sp_284_Normalized,"{
  ""vendor"" : ""myu"",
  ""name"" : ""krxnfmqgeebeo"",
  ""parameters"" : {
    ""hashAlgorithm"" : ""MD5"",
    ""excludeParameters"" : [ ]
  },
  ""enabled"" : true
}"
sp_289_Normalized,"{
  ""latitude"" : -89.03224409057587,
  ""longitude"" : -179.84726379865847
}"
sp_22_Normalized,{ }
sp_63_Normalized,{ }
sp_36_Normalized,{ }
sp_68_Normalized,"{
  ""image"" : ""myu"",
  ""hostname"" : ""krxnfmqgeebeo"",
  ""zone"" : ""ezsdzspmqcxjtg"",
  ""name"" : ""xkrpvmwmmpmpyl"",
  ""cpuPlatform"" : ""kvmeozgboq"",
  ""attributes"" : null,
  ""id"" : ""ufojc"",
  ""machineType"" : ""ghpteqrgfnzd"",
  ""tags"" : null
}"
sp_173_Normalized,{ }
sp_365_Normalized,"{
  ""schema"" : ""myu"",
  ""database"" : ""krxnfmqgeebeo"",
  ""password"" : ""ezsdzspmqcxjtg"",
  ""port"" : 61453,
  ""purpose"" : ""ENRICHED_EVENTS"",
  ""name"" : ""mwmmpmpylwrk"",
  ""host"" : ""eozgboqayhufoj"",
  ""sslMode"" : ""DISABLE"",
  ""username"" : ""hpteqrgfnzdj""
}"
sp_225_Normalized,"{
  ""name"" : ""w"",
  ""id"" : ""xnfm""
}"
sp_287_Normalized,"{
  ""basisForProcessing"" : ""consent""
}"
sp_194_Normalized,{ }
sp_192_Normalized,{ }
sp_224_Normalized,"{
  ""name"" : ""w"",
  ""id"" : ""xnfm""
}"
sp_215_Normalized,"{
  ""schemas"" : [ ]
}"
sp_416_Normalized,"{
  ""inLanguage"" : ""nfmqgeebeoape""
}"
sp_275_Normalized,"{
  ""vendor"" : ""myu"",
  ""name"" : ""krxnfmqgeebeo"",
  ""parameters"" : {
    ""apiKey"" : ""sdzspmqcxjtgdy"",
    ""rateAt"" : ""EOD_PRIOR"",
    ""accountType"" : ""ENTERPRISE"",
    ""baseCurrency"" : ""wmmpmpylwrkv""
  },
  ""enabled"" : false
}"
sp_151_Normalized,"{
  ""name"" : ""yuwwkrxnfmqgee""
}"
sp_285_Normalized,"{
  ""hasLocalStorage"" : false,
  ""hasScriptAccess"" : true,
  ""isDebugger"" : false,
  ""playerType"" : ""StandAlone"",
  ""version"" : ""qgeebeoapezs""
}"
sp_384_Normalized,{ }
sp_354_Normalized,"{
  ""vendor"" : ""myu"",
  ""name"" : ""krxnfmqgeebeo"",
  ""parameters"" : {
    ""cacheSize"" : 829029,
    ""apiKey"" : ""spmqcxjtgdyx"",
    ""apiHost"" : ""pvmwmmp"",
    ""geoPrecision"" : 5,
    ""timeout"" : 907050914
  },
  ""enabled"" : true
}"
sp_404_Normalized,{ }
sp_180_Normalized,{ }
sp_139_Normalized,{ }
sp_396_Normalized,{ }
sp_394_Normalized,{ }
sp_383_Normalized,{ }
sp_395_Normalized,{ }
sp_226_Normalized,"{
  ""severity"" : ""WARNING"",
  ""application"" : ""wwkrxnfmqgeebe"",
  ""message"" : ""pezsdzspmq"",
  ""tags"" : { }
}"
sp_387_Normalized,{ }
sp_360_Normalized,"{
  ""awsRegion"" : ""myu"",
  ""auth"" : null,
  ""purpose"" : ""EVENTS_MANIFEST"",
  ""name"" : ""fmqgeeb"",
  ""id"" : ""ap"",
  ""dynamodbTable"" : ""sdzspmqcxjtgdy""
}"
sp_54_Normalized,{ }
sp_368_Normalized,"{
  ""schema"" : ""myu"",
  ""compRows"" : 361817957,
  ""database"" : ""nfmqgeebeoape"",
  ""password"" : ""dzspmqcxjtgdy"",
  ""port"" : 11545,
  ""purpose"" : ""ENRICHED_EVENTS"",
  ""maxError"" : 8889,
  ""name"" : ""mp"",
  ""host"" : """",
  ""sslMode"" : ""VERIFY_CA"",
  ""username"" : ""meoz""
}"
sp_406_Normalized,{ }
sp_184_Normalized,{ }
sp_107_Normalized,"{
  ""spiderOrRobot"" : false,
  ""reason"" : ""FAILED_IP_EXCLUDE"",
  ""primaryImpact"" : ""PAGE_AND_AD_IMPRESSIONS"",
  ""category"" : ""SPIDER_OR_ROBOT""
}"
sp_323_Normalized,"{
  ""useragentMinor"" : null,
  ""osFamily"" : ""xnfm"",
  ""useragentFamily"" : ""ee"",
  ""useragentMajor"" : ""oapezsdzspm"",
  ""deviceFamily"" : ""x""
}"
sp_19_Normalized,{ }
sp_65_Normalized,{ }
sp_388_Normalized,{ }
sp_245_Normalized,"{
  ""envelope"" : {
    ""schema"" : ""iglu:G6.tqy6.IYtwwTIGLA2ZCcY3muiGaS5qaJa.JLTBNgyIIjunNJVb-vAoUvoXmthdExiPnGFVPqLmvse60tAn4Kge3-KF3/ovt/0l9ILFHuy6qRyJl72gZctUoDUo8g7KQKtx-iaSImopxis8mNwDLetgkonWPOwrsAGS1XOJ/6017292961022-0518942562081746697290451464071919013746361889396515752971396529086815-70643734404816940889793055070597628570602994005123489905523178381660006137896470718353"",
    ""data"" : true
  },
  ""command"" : {
    ""schema"" : ""iglu:O130XdPj3MK/csST9JCp-ciLx7wRShG7SSaJJ9EBqXjCgzqik1t77ZkGrZ3S_R51Vo3fWTqnYQOBzsFDy-b5BgmMvkafpKeljf0FGjl/llpbanUOnqXoaCh-iiE56g-iE87BjxVoJCvAnsrR1oMjt73LDlmlzYPofN9LVu4L0MayKfZGC6p/106815949127325336168618210810182730001454766913014279276668057-1763069615-52346260552677989920899382762666260047072857386241395518461606"",
    ""data"" : -1720377294
  }
}"
sp_182_Normalized,{ }
sp_335_Normalized,"{
  ""payload"" : ""myu"",
  ""processor"" : {
    ""artifact"" : ""xnfm"",
    ""version"" : ""17486.8894611610221636503731592473.95035318437423620570457536625924846290014962137369407198042420972025736525194365191373831%5f<#^,{t1A\\N5{*`S<K_![WvFX6""
  },
  ""errors"" : [ ]
}"
sp_419_Normalized,"{
  ""videoWidth"" : 61925,
  ""videoHeight"" : 63384
}"
sp_397_Normalized,{ }
sp_117_Normalized,{ }
sp_73_Normalized,{ }
sp_178_Normalized,{ }
sp_142_Normalized,{ }
sp_369_Normalized,"{
  ""schema"" : ""myu"",
  ""compRows"" : 361817957,
  ""database"" : ""nfmqgeebeoape"",
  ""password"" : ""dzspmqcxjtgdy"",
  ""port"" : 11545,
  ""purpose"" : ""ENRICHED_EVENTS"",
  ""roleArn"" : ""mmpmpylwrkvmeozgboqa"",
  ""maxError"" : 6526,
  ""name"" : ""j"",
  ""host"" : ""xghpteqrgfnz"",
  ""sslMode"" : ""VERIFY_CA"",
  ""username"" : ""ggwxhtnskcwa""
}"
sp_77_Normalized,{ }
sp_76_Normalized,{ }
sp_75_Normalized,{ }
sp_389_Normalized,{ }
sp_50_Normalized,{ }
sp_8_Normalized,{ }
sp_267_Normalized,"{
  ""sessionIndex"" : 892128508,
  ""storageMechanism"" : ""COOKIE_1"",
  ""sessionId"" : ""krxnfmqgeebeo"",
  ""previousSessionId"" : null,
  ""userId"" : ""ece1b228c875c15c""
}"
sp_64_Normalized,{ }
sp_390_Normalized,{ }
sp_1_Normalized,"{
  ""dateTime"" : ""fmqgeeb""
}"
sp_177_Normalized,{ }
sp_27_Normalized,{ }
sp_157_Normalized,{ }
sp_111_Normalized,{ }
sp_332_Normalized,"{
  ""payload"" : ""myu"",
  ""failure"" : {
    ""errors"" : [ ""fmqgeeb"" ],
    ""timestamp"" : ""ap""
  },
  ""processor"" : {
    ""artifact"" : ""zspmqcxj"",
    ""version"" : """"
  }
}"
sp_296_Normalized,"{
  ""currentTime"" : 0.20771484130971707,
  ""duration"" : 0.6588672394716129,
  ""volume"" : 66,
  ""playbackRate"" : -9.007199254740991E15,
  ""paused"" : true,
  ""loop"" : true,
  ""ended"" : false,
  ""muted"" : false
}"
sp_112_Normalized,{ }
sp_243_Normalized,{ }
sp_263_Normalized,"{
  ""vendor"" : ""myu"",
  ""name"" : ""krxnfmqgeebeo"",
  ""parameters"" : {
    ""fields"" : {
      ""mktContent"" : [ ],
      ""mktSource"" : [ ],
      ""mktTerm"" : [ ],
      ""mktMedium"" : [ ],
      ""mktCampaign"" : [ ]
    }
  },
  ""enabled"" : true
}"
sp_118_Normalized,{ }
sp_257_Normalized,"{
  ""programmingLanguage"" : ""C"",
  ""message"" : ""nfmqgeebeoape""
}"
sp_106_Normalized,{ }
sp_105_Normalized,{ }
sp_100_Normalized,{ }
sp_103_Normalized,{ }
sp_102_Normalized,{ }
sp_99_Normalized,{ }
sp_116_Normalized,{ }
sp_113_Normalized,{ }
sp_2_Normalized,"{
  ""dateTime"" : ""geeb""
}"
sp_265_Normalized,"{
  ""formId"" : ""yuwwkrxnfmqgee"",
  ""elementId"" : ""oapezsdzspm"",
  ""nodeName"" : ""TEXTAREA"",
  ""value"" : """"
}"
sp_286_Normalized,"{
  ""formId"" : ""yuwwkrxnfmqgee"",
  ""elementId"" : ""oapezsdzspm"",
  ""nodeName"" : ""TEXTAREA"",
  ""value"" : """"
}"
sp_9_Normalized,{ }
sp_258_Normalized,"{
  ""programmingLanguage"" : ""JAVASCRIPT"",
  ""message"" : ""mqg""
}"
sp_264_Normalized,"{
  ""vendor"" : ""myu"",
  ""name"" : ""krxnfmqgeebeo"",
  ""parameters"" : {
    ""fields"" : {
      ""mktContent"" : [ ],
      ""mktSource"" : [ ],
      ""mktTerm"" : [ ],
      ""mktMedium"" : [ ],
      ""mktCampaign"" : [ ]
    }
  },
  ""enabled"" : true
}"
sp_143_Normalized,"{
  ""action"" : ""mqg""
}"
sp_104_Normalized,{ }
sp_98_Normalized,{ }
sp_101_Normalized,{ }
sp_344_Normalized,"{
  ""payload"" : ""myu"",
  ""failure"" : {
    ""maximumAllowedSizeBytes"" : 550904394,
    ""timestamp"" : ""mqg"",
    ""actualSizeBytes"" : 48280684
  },
  ""processor"" : {
    ""artifact"" : ""ezsdzspmqcxjtg"",
    ""version"" : """"
  }
}"
sp_244_Normalized,{ }
sp_127_Normalized,{ }
sp_135_Normalized,{ }
sp_402_Normalized,"{
  ""lastName"" : ""myu"",
  ""notes"" : null,
  ""role"" : null,
  ""signature"" : null,
  ""externalId"" : ""nfmqgeebeoape"",
  ""timeZone"" : ""dzspmqcxjtgdy"",
  ""language"" : null,
  ""type"" : ""pvmwmmp"",
  ""extendedRole"" : ""ylw"",
  ""locale"" : null,
  ""userId"" : 1460957476,
  ""tags"" : """",
  ""firstName"" : ""b"",
  ""phone"" : ""ayhufo"",
  ""organization"" : null,
  ""details"" : ""xghpteqrgfnz"",
  ""ticketId"" : -881327491,
  ""email"" : null,
  ""updatedAt"" : ""wxhtnskcwajiws""
}"
sp_259_Normalized,"{
  ""programmingLanguage"" : ""GOLANG"",
  ""message"" : ""qgeebeoapezs""
}"
sp_3_Normalized,"{
  ""dateTime"" : ""beoape""
}"
sp_114_Normalized,{ }
sp_128_Normalized,{ }
sp_136_Normalized,{ }
sp_93_Normalized,{ }
sp_4_Normalized,"{
  ""dateTime"" : ""eoapezsdzspmqc""
}"
sp_202_Normalized,"{
  ""playbooks"" : [ {
    ""dependsOn"" : [ ],
    ""playbook"" : ""fmqgeebe""
  } ],
  ""lockType"" : ""hard"",
  ""storage"" : ""BigQuery"",
  ""enabled"" : true
}"
sp_391_Normalized,{ }
sp_350_Normalized,"{
  ""vendor"" : ""myu"",
  ""name"" : ""krxnfmqgeebeo"",
  ""parameters"" : {
    ""includeUseragentFile"" : {
      ""database"" : ""include_current.txt"",
      ""uri"" : ""pm""
    },
    ""excludeUseragentFile"" : {
      ""database"" : ""exclude_current.txt"",
      ""uri"" : """"
    },
    ""ipFile"" : {
      ""database"" : ""ip_exclude_current_cidr.txt"",
      ""uri"" : ""vmwmmpmpylwr""
    }
  },
  ""enabled"" : true
}"
sp_412_Normalized,"{
  ""brands"" : [ ],
  ""isMobile"" : true
}"
sp_197_Normalized,{ }
sp_199_Normalized,{ }
sp_401_Normalized,"{
  ""latestCommentAuthorName"" : ""myu"",
  ""groupAssigned"" : null,
  ""ticketTitle"" : ""rxnfmqgeebeoa"",
  ""organizationName"" : ""zsdzspmqcxjtgd"",
  ""dueDate"" : null,
  ""externalId"" : null,
  ""ticketType"" : ""Ticket"",
  ""priority"" : ""Urgent"",
  ""latestComment"" : """",
  ""url"" : ""pmpylwrkvm"",
  ""tags"" : """",
  ""via"" : ""b"",
  ""organizationId"" : null,
  ""createdAt"" : ""yhufojcm"",
  ""latestCommentIsPublic"" : false,
  ""inBusinessHours"" : false,
  ""ccNames"" : ""qrgfnzdj"",
  ""brand"" : ""ggwxhtnskcwa"",
  ""ticketId"" : 534046588,
  ""account"" : ""lzx"",
  ""updatedAt"" : ""floprezetuk"",
  ""status"" : ""Pending""
}"
sp_125_Normalized,{ }
sp_292_Normalized,"{
  ""vendor"" : ""myu"",
  ""name"" : ""krxnfmqgeebeo"",
  ""parameters"" : { },
  ""enabled"" : false
}"
sp_187_Normalized,{ }
sp_121_Normalized,{ }
sp_133_Normalized,{ }
sp_393_Normalized,{ }
sp_319_Normalized,"{
  ""formId"" : ""yuwwkrxnfmqgee""
}"
sp_25_Normalized,{ }
sp_126_Normalized,{ }
sp_210_Normalized,"{
  ""cacheSize"" : 97042466,
  ""repositories"" : [ ]
}"
sp_10_Normalized,{ }
sp_357_Normalized,"{
  ""pojo"" : {
    ""fieldName"" : ""mkt_content"",
    ""valueForWhichEventWillBeDeleted"" : """"
  }
}"
sp_122_Normalized,{ }
sp_134_Normalized,{ }
sp_132_Normalized,{ }
sp_152_Normalized,{ }
sp_5_Normalized,"{
  ""dateTime"" : ""ezsdzspmqcxjtg""
}"
sp_131_Normalized,{ }
sp_203_Normalized,"{
  ""schema"" : ""iglu:mjo5_E9IRoGVLt9o2bnJGk57j4-NsGHwUF4FJtzlR7RlXzDpfQ6fQQO4_qKPlboonOJwoKRIJSfod50HYcnjRJFQIK9KkWm/vSHTxpTP6ixxBS0y0EdrJrb_g5WI2NV7LvlerCbdYpxlWnFiHDF-G5b/9Q75DYx77FTpstAip-zrAvi17puQFFxHv2hNcO5XtsXnAARHmOWUbfHHdI-lVkCW/826348625900814376606108763822766361544679404030740-3011345829139052911177005415276311486928409478089-9742247137561041415411282146939337966559577447358379545134369585861414773028074231165909"",
  ""data"" : {
    ""name"" : ""w"",
    ""tasks"" : [ ]
  }
}"
sp_291_Normalized,"{
  ""vendor"" : ""myu"",
  ""name"" : ""krxnfmqgeebeo"",
  ""parameters"" : { },
  ""enabled"" : true
}"
sp_201_Normalized,"{
  ""text"" : """"
}"
sp_376_Normalized,"{
  ""awsRegion"" : ""yuwwkrxnfmqgee"",
  ""auth"" : null,
  ""purpose"" : ""ENRICHED_EVENTS"",
  ""manifest"" : ""zsdzspmqcxjtgd"",
  ""stageUrl"" : ""krpvmwmmpm"",
  ""snowflakeRegion"" : ""lwrkvmeozgb"",
  ""warehouse"" : ""ayhufo"",
  ""input"" : ""mxghpteqrgfnz"",
  ""database"" : ""sjgg"",
  ""password"" : ""htnskcwa"",
  ""stage"" : ""wsnlzxiff"",
  ""name"" : ""p"",
  ""account"" : ""zetukwwhtw"",
  ""username"" : ""verrcita""
}"
sp_373_Normalized,"{
  ""types"" : [ ],
  ""timestamps"" : {
    ""min"" : ""w"",
    ""max"" : null,
    ""jobCompleted"" : ""nfmqgeebeoape"",
    ""jobStarted"" : ""dzspmqcxjtgdy""
  },
  ""compression"" : ""GZIP"",
  ""processor"" : {
    ""artifact"" : ""wmmpmpylwrkv"",
    ""version"" : ""ozgboqayhufojc""
  },
  ""base"" : ""ghpteqrgfnzd""
}"
sp_6_Normalized,"{
  ""dateTime"" : ""zsdzspmqcxjtgd""
}"
sp_24_Normalized,{ }
sp_23_Normalized,{ }
sp_211_Normalized,"{
  ""cacheSize"" : 97042466,
  ""repositories"" : [ ]
}"
sp_377_Normalized,"{
  ""awsRegion"" : ""wwkrxnfmqgeebe"",
  ""auth"" : null,
  ""purpose"" : ""ENRICHED_EVENTS"",
  ""manifest"" : ""dzspmqcxjtgdy"",
  ""stageUrl"" : ""rpvmw"",
  ""snowflakeRegion"" : ""pmpylwrkvm"",
  ""warehouse"" : """",
  ""input"" : ""b"",
  ""database"" : ""ayhufo"",
  ""password"" : ""mxghpteqrgfnz"",
  ""stage"" : ""sjgg"",
  ""name"" : ""htnskcwa"",
  ""account"" : ""wsnlzxiff"",
  ""username"" : ""p""
}"
sp_21_Normalized,{ }
sp_300_Normalized,"{
  ""osVersion"" : ""ebeoapezsdzs"",
  ""osType"" : ""qcxj"",
  ""deviceModel"" : """",
  ""deviceManufacturer"" : ""xkrpvmwmmpmpyl""
}"
sp_213_Normalized,"{
  ""cacheSize"" : -1.7976931348623157E308,
  ""repositories"" : [ ]
}"
sp_212_Normalized,"{
  ""cacheSize"" : -1.7976931348623157E308,
  ""repositories"" : [ ]
}"
sp_337_Normalized,"{
  ""payload"" : ""myu"",
  ""failure"" : ""krxnfmqgeebeo"",
  ""processor"" : {
    ""artifact"" : ""sdzspmqcxjtgdy"",
    ""version"" : """"
  }
}"
sp_361_Normalized,"{
  ""input"" : ""myuwwk"",
  ""typesSubscription"" : ""nfmqgeebeoapezsd"",
  ""load"" : {
    ""mode"" : ""FILE_LOADS"",
    ""frequency"" : 100,
    ""retry"" : 0
  },
  ""purpose"" : ""ENRICHED_EVENTS"",
  ""name"" : ""mwmmpmpylwrk"",
  ""datasetId"" : ""eozgboqayhufoj"",
  ""tableId"" : ""xghpteqrgfnz"",
  ""id"" : ""sjgg"",
  ""projectId"" : ""htnskcwa"",
  ""badRows"" : ""wsnlzxifflop"",
  ""typesTopic"" : ""zetukwwhtw"",
  ""failedInserts"" : ""verrcitacue""
}"
sp_385_Normalized,{ }
sp_189_Normalized,{ }
sp_191_Normalized,{ }
sp_119_Normalized,{ }
sp_115_Normalized,{ }
sp_120_Normalized,{ }
sp_195_Normalized,{ }
sp_7_Normalized,"{
  ""dateTime"" : ""dzspmqcxjtgdy""
}"
sp_417_Normalized,{ }
sp_20_Normalized,{ }
sp_204_Normalized,"{
  ""jobName"" : ""myu"",
  ""runDuration"" : ""krxnfmqgeebeo"",
  ""applicationContext"" : {
    ""name"" : ""sdzspmqcxjtgdy"",
    ""version"" : ""5616733957935077739684512157078906603259.694361606440846748673851861030876752100737262285865.9509230969930313084507141865777431960329492614316731355965561620649864837386890874273521-6^4]B^Kb<T;,*eaO:HYWAmz!OeXm:mP*bK&}oYsPg+zSSRpo""
  },
  ""startTime"" : ""vmwmmpmpylwr"",
  ""jobReference"" : ""meoz"",
  ""runReference"" : ""oqa"",
  ""runState"" : ""FAILED"",
  ""factfile"" : ""ojcm"",
  ""taskStates"" : [ ],
  ""tags"" : { }
}"
sp_374_Normalized,"{
  ""types"" : [ ],
  ""timestamps"" : {
    ""min"" : ""w"",
    ""max"" : null,
    ""jobCompleted"" : ""nfmqgeebeoape"",
    ""jobStarted"" : ""dzspmqcxjtgdy""
  },
  ""compression"" : ""GZIP"",
  ""processor"" : {
    ""artifact"" : ""wmmpmpylwrkv"",
    ""version"" : ""ozgboqayhufojc""
  },
  ""base"" : ""ghpteqrgfnzd""
}"
sp_193_Normalized,{ }
sp_163_Normalized,"{
  ""service_key"" : """",
  ""event_type"" : ""resolve"",
  ""incident_key"" : """",
  ""description"" : """"
}"
sp_14_Normalized,"{
  ""datetime"" : """",
  ""id"" : """"
}"
sp_181_Normalized,{ }
sp_185_Normalized,{ }
sp_170_Normalized,"{
  ""width"" : 41551,
  ""videoId"" : ""beoape"",
  ""height"" : 36237
}"
sp_205_Normalized,"{
  ""jobName"" : ""myu"",
  ""runDuration"" : ""krxnfmqgeebeo"",
  ""applicationContext"" : {
    ""name"" : ""sdzspmqcxjtgdy"",
    ""version"" : ""5616733957935077739684512157078906603259.694361606440846748673851861030876752100737262285865.9509230969930313084507141865777431960329492614316731355965561620649864837386890874273521-6^4]B^Kb<T;,*eaO:HYWAmz!OeXm:mP*bK&}oYsPg+zSSRpo""
  },
  ""startTime"" : ""vmwmmpmpylwr"",
  ""jobReference"" : ""meoz"",
  ""runReference"" : ""oqa"",
  ""runState"" : ""FAILED"",
  ""factfile"" : ""ojcm"",
  ""taskStates"" : [ ],
  ""tags"" : { }
}"
sp_415_Normalized,"{
  ""dt"" : ""wwkrxnfmqgeebe"",
  ""main"" : {
    ""temp"" : 0.3690025583875719,
    ""temp_min"" : 0.11596708803265776,
    ""humidity"" : 0.5833538570984111,
    ""pressure"" : 0.15674689056984625,
    ""temp_max"" : 0.623972537215988
  },
  ""clouds"" : {
    ""all"" : 31742
  }
}"
sp_15_Normalized,"{
  ""datetime"" : ""gdyxkrpvm"",
  ""id"" : ""mpm""
}"
sp_183_Normalized,{ }
sp_366_Normalized,"{
  ""schema"" : ""yuwwkrxnfmqgee"",
  ""database"" : ""oapezsdzspm"",
  ""password"" : ""x"",
  ""port"" : 33754,
  ""purpose"" : ""ENRICHED_EVENTS"",
  ""name"" : ""rpvmw"",
  ""host"" : ""pmpylwrkvm"",
  ""sslMode"" : ""VERIFY_CA"",
  ""username"" : ""b""
}"
sp_400_Normalized,"{
  ""loaded"" : 89,
  ""controls"" : true,
  ""avaliablePlaybackRates"" : [ ],
  ""buffering"" : true,
  ""unstarted"" : false,
  ""autoPlay"" : false,
  ""playbackQuality"" : ""zsdzspmqcxjtgd"",
  ""url"" : ""krpvmwmmpm"",
  ""cued"" : false,
  ""playerId"" : ""rkvmeo""
}"
sp_329_Normalized,"{
  ""payload"" : ""myu"",
  ""failure"" : {
    ""loader"" : ""cloudfront"",
    ""message"" : {
      ""error"" : ""geeb""
    },
    ""timestamp"" : ""ap""
  },
  ""processor"" : {
    ""artifact"" : ""zspmqcxj"",
    ""version"" : """"
  }
}"
sp_179_Normalized,{ }
sp_370_Normalized,"{
  ""schema"" : ""yuwwkrxnfmqgee"",
  ""compRows"" : 876381742,
  ""database"" : ""ezsdzspmqcxjtg"",
  ""password"" : ""xkrpvmwmmpmpyl"",
  ""port"" : 15926,
  ""purpose"" : ""ENRICHED_EVENTS"",
  ""roleArn"" : ""zgboqayhufojcmxghpte"",
  ""maxError"" : 7364,
  ""name"" : ""zdjsjggwxhtnsk"",
  ""host"" : ""ajiwsnl"",
  ""sslMode"" : ""REQUIRE"",
  ""username"" : ""floprezetuk""
}"
sp_169_Normalized,"{
  ""displayHeight"" : 6798,
  ""displayProperties"" : [ ],
  ""modelType"" : ""qgeebeoapezs"",
  ""captionsMode"" : ""spmqcxjtgdyx"",
  ""connectionType"" : ""pvmwmmp"",
  ""audioOutputChannel"" : ""ylw"",
  ""videoMode"" : ""vmeozgbo"",
  ""features"" : [ ],
  ""displayWidth"" : 51392,
  ""countryCode"" : ""j"",
  ""model"" : ""xghpteqrgfnz"",
  ""timeSinceLastKeypress"" : 1662922027,
  ""modelDisplayName"" : ""gwxhtn""
}"
sp_16_Normalized,"{
  ""datetime"" : ""pvmwmmp"",
  ""id"" : ""ylw""
}"
sp_340_Normalized,"{
  ""payload"" : {
    ""schema"" : ""iglu:com.snowplowanalytics.snowplow.badrows/size_violation/jsonschema/1-0-0"",
    ""data"" : {
      ""failure"" : ""rxnfmqgeebeoa"",
      ""processor"" : { }
    }
  },
  ""failure"" : true,
  ""processor"" : {
    ""artifact"" : ""mqcxjtgdyx"",
    ""version"" : ""5076717354313270307595344040800454790012725272267640226626000692614599057.5329075896219116926875350932871971997480979958467947373738012103.6090666581721168608950543235352899155110492944`u00Zt<^\""0NwF#V@[Zf[~cioRkU>R=} _3XI""
  }
}"
sp_351_Normalized,"{
  ""vendor"" : ""myu"",
  ""name"" : ""krxnfmqgeebeo"",
  ""parameters"" : {
    ""pii"" : [ ],
    ""strategy"" : {
      ""pseudonymize"" : {
        ""hashFunction"" : ""SHA-512""
      }
    }
  },
  ""enabled"" : false
}"
sp_308_Normalized,[ ]
sp_336_Normalized,"{
  ""payload"" : ""myu"",
  ""failure"" : { },
  ""processor"" : {
    ""artifact"" : ""qgeebeoapezs"",
    ""version"" : ""14857.4752196714856900810479928663065095440533424156045157302407050749880318871.1i/scU`*f,R>no]|orTQSl%%Lz5d[7>)Cc5q)Ib+mc{FUIBk;Lr$;^Su!3:spQ8!qG=U)NZ`G3)W_Ky""
  }
}"
sp_302_Normalized,"[ {
  ""p"" : ""hpteqrgfnzdj"",
  ""tv"" : ""ggwxhtnskcwa"",
  ""e"" : ""wsnlzxiff""
} ]"
sp_303_Normalized,"[ {
  ""p"" : ""p"",
  ""tv"" : ""qrgfnzdj"",
  ""e"" : ""ggwxhtnskcwa""
} ]"
sp_304_Normalized,"[ {
  ""p"" : ""teqrgf"",
  ""tv"" : ""djsjggwxhtnskc"",
  ""e"" : ""jiwsnlzxi""
} ]"
sp_305_Normalized,"[ {
  ""p"" : ""qrgfnzdj"",
  ""tv"" : ""ggwxhtnskcwa"",
  ""e"" : ""wsnlzxiff""
} ]"
sp_306_Normalized,"[ {
  ""p"" : ""rgfnzdjsjggw"",
  ""tv"" : ""tnskc"",
  ""e"" : ""jiwsnlzxi""
} ]"
sp_378_Normalized,"{
  ""awsRegion"" : ""w"",
  ""auth"" : {
    ""roleArn"" : null,
    ""sessionDuration"" : 1325151573
  },
  ""purpose"" : ""ENRICHED_EVENTS"",
  ""manifest"" : ""eoapezsdzspmqc"",
  ""stageUrl"" : """",
  ""snowflakeRegion"" : """",
  ""warehouse"" : ""xkrpvmwmmpmpyl"",
  ""input"" : ""kvmeozgboq"",
  ""database"" : ""hufo"",
  ""password"" : ""mxghpteqrgfnz"",
  ""stage"" : ""sjgg"",
  ""name"" : ""htnskcwa"",
  ""account"" : ""wsnlzxiff"",
  ""username"" : ""p""
}"
sp_235_Normalized,"{
  ""shredding"" : {
    ""types"" : [ ],
    ""timestamps"" : {
      ""min"" : null,
      ""max"" : null,
      ""jobCompleted"" : ""nfmqgeebeoape"",
      ""jobStarted"" : ""dzspmqcxjtgdy""
    },
    ""compression"" : ""GZIP"",
    ""processor"" : {
      ""artifact"" : ""wmmpmpylwrkv"",
      ""version"" : ""ozgboqayhufojc""
    },
    ""base"" : ""ghpteqrgfnzd""
  },
  ""application"" : """",
  ""loadingCompleted"" : ""gwxhtn"",
  ""attempt"" : 1739290301,
  ""loadingStarted"" : ""jiwsnlzxi"",
  ""tags"" : { }
}"
sp_172_Normalized,{ }
sp_153_Normalized,{ }
sp_222_Normalized,"{
  ""trigger"" : ""other"",
  ""title"" : ""oapezsdzspm"",
  ""body"" : ""x""
}"
sp_379_Normalized,"{
  ""awsRegion"" : ""w"",
  ""auth"" : null,
  ""purpose"" : ""ENRICHED_EVENTS"",
  ""manifest"" : ""qgeebeoapezs"",
  ""stageUrl"" : ""spmqcxjtgdyx"",
  ""snowflakeRegion"" : ""pvmwmmp"",
  ""warehouse"" : ""ylw"",
  ""input"" : ""vmeozgbo"",
  ""database"" : ""yhufojcm"",
  ""password"" : ""hpteqrgfnzdj"",
  ""stage"" : ""ggwxhtnskcwa"",
  ""name"" : ""wsnlzxiff"",
  ""account"" : ""p"",
  ""username"" : ""zetukwwhtw""
}"
sp_307_Normalized,"{
  ""pii"" : {
    ""json"" : { }
  },
  ""strategy"" : {
    ""pseudonymize"" : {
      ""hashFunction"" : ""SHA-384""
    }
  }
}"
sp_96_Normalized,{ }
sp_408_Normalized,"{
  ""deviceClass"" : ""UNKNOWN""
}"
sp_352_Normalized,"{
  ""emitEvent"" : false,
  ""vendor"" : ""uwwk"",
  ""name"" : ""nfmqgeebeoape"",
  ""parameters"" : {
    ""pii"" : [ ],
    ""strategy"" : {
      ""pseudonymize"" : {
        ""hashFunction"" : ""MD5"",
        ""salt"" : ""gdyxkrpvm""
      }
    }
  },
  ""enabled"" : false
}"
sp_95_Normalized,"{
  ""items"" : [ ]
}"
sp_94_Normalized,"{
  ""items"" : [ ]
}"
sp_409_Normalized,"{
  ""deviceClass"" : ""Phone""
}"
sp_80_Normalized,"{
  ""items"" : [ ]
}"
sp_81_Normalized,"{
  ""items"" : [ ]
}"
sp_123_Normalized,{ }
sp_279_Normalized,{ }
sp_82_Normalized,"{
  ""items"" : [ ]
}"
sp_410_Normalized,"{
  ""deviceClass"" : ""eReader""
}"
sp_411_Normalized,"{
  ""deviceClass"" : ""eReader""
}"
sp_13_Normalized,"{
  ""notification"" : {
    ""title"" : ""xnfm"",
    ""body"" : ""ee""
  },
  ""threadIdentifier"" : ""oapezsdzspm"",
  ""action"" : ""x"",
  ""trigger"" : ""TIME_INTERVAL"",
  ""categoryIdentifier"" : """",
  ""deliveryDate"" : ""krpvmwmmpm""
}"
sp_12_Normalized,"{
  ""notification"" : {
    ""title"" : ""xnfm"",
    ""body"" : ""ee""
  },
  ""threadIdentifier"" : ""oapezsdzspm"",
  ""action"" : ""x"",
  ""trigger"" : ""TIME_INTERVAL"",
  ""categoryIdentifier"" : """",
  ""deliveryDate"" : ""krpvmwmmpm""
}"
sp_79_Normalized,"{
  ""items"" : [ ]
}"
sp_375_Normalized,"{
  ""timestamps"" : {
    ""min"" : ""uwwk"",
    ""max"" : ""nfmqgeebeoape"",
    ""jobCompleted"" : ""dzspmqcxjtgdy"",
    ""jobStarted"" : ""rpvmw""
  },
  ""compression"" : ""NONE"",
  ""typesInfo"" : {
    ""types"" : { },
    ""transformation"" : 0,
    ""fileFormat"" : 0
  },
  ""processor"" : {
    ""artifact"" : ""vmeozgbo"",
    ""version"" : ""yhufojcm""
  },
  ""base"" : ""hpteqrgfnzdj""
}"
sp_348_Normalized,"{
  ""vendor"" : ""myu"",
  ""name"" : ""krxnfmqgeebeo"",
  ""parameters"" : {
    ""outputs"" : [ {
      ""schema"" : ""iglu:iuHC.BVB5woFiQyxcT1lWQESVD3ZEqXV38r2cHAnoAwm9e0-ziXdz4WOkM51g.4Ni2Yd/3Y1OTorX8-V9DzLti0jh/qAFXZ_tY0MYS0a1MgcVKTpaHGUR1G3XUYPJc/459357286273734982050305887851453845166512943500712367375862181554546490935690566319882992963-62475444156519589371755226110931007699442234402621842375259786304884373-18505014421122362212365843704694994171308997134207872104097050893"",
      ""json"" : {
        ""jsonPath"" : ""$>OMT%:Z<5pNZj>8'z1\\6n!C,z;W9!giD!o?9&l2;wh@t'OPj{Wt|<|w}='-WG9 h-<Hz:'[H.9.TYme?xd%q<e}KGvdvB~""
      }
    } ],
    ""cache"" : {
      ""size"" : 681990675,
      ""ttl"" : 34757
    },
    ""inputs"" : [ ],
    ""api"" : {
      ""http"" : {
        ""method"" : ""POST"",
        ""uri"" : """",
        ""timeout"" : 10661,
        ""authentication"" : { }
      }
    }
  },
  ""enabled"" : true
}"
sp_347_Normalized,"{
  ""vendor"" : ""myu"",
  ""name"" : ""krxnfmqgeebeo"",
  ""parameters"" : {
    ""outputs"" : [ {
      ""schema"" : ""iglu:iuHC.BVB5woFiQyxcT1lWQESVD3ZEqXV38r2cHAnoAwm9e0-ziXdz4WOkM51g.4Ni2Yd/3Y1OTorX8-V9DzLti0jh/qAFXZ_tY0MYS0a1MgcVKTpaHGUR1G3XUYPJc/459357286273734982050305887851453845166512943500712367375862181554546490935690566319882992963-62475444156519589371755226110931007699442234402621842375259786304884373-18505014421122362212365843704694994171308997134207872104097050893"",
      ""json"" : {
        ""jsonPath"" : ""$>OMT%:Z<5pNZj>8'z1\\6n!C,z;W9!giD!o?9&l2;wh@t'OPj{Wt|<|w}='-WG9 h-<Hz:'[H.9.TYme?xd%q<e}KGvdvB~""
      }
    } ],
    ""cache"" : {
      ""size"" : 1882542978,
      ""ttl"" : 34757
    },
    ""inputs"" : [ ],
    ""api"" : {
      ""http"" : {
        ""method"" : ""POST"",
        ""uri"" : """",
        ""timeout"" : 10661,
        ""authentication"" : { }
      }
    }
  },
  ""enabled"" : true
}"
sp_124_Normalized,{ }
sp_209_Normalized,"{
  ""input"" : ""myu"",
  ""lint"" : {
    ""includedChecks"" : null,
    ""skipWarnings"" : false
  },
  ""generate"" : {
    ""output"" : null,
    ""owner"" : null,
    ""noHeader"" : true,
    ""dbschema"" : null,
    ""varcharSize"" : null,
    ""withJsonPaths"" : true,
    ""force"" : false
  },
  ""actions"" : null
}"
sp_129_Normalized,{ }
sp_87_Normalized,"{
  ""transaction_id"" : ""krxnfmqgeebeo"",
  ""items"" : [ ]
}"
sp_162_Normalized,{ }
sp_280_Normalized,{ }
sp_88_Normalized,"{
  ""transaction_id"" : ""rxnfmqgeebeoa""
}"
sp_418_Normalized,"{
  ""defaultPlaybackRate"" : -9.007199254740991E15,
  ""controls"" : false,
  ""defaultMuted"" : true,
  ""mediaType"" : ""AUDIO"",
  ""htmlId"" : ""eoapezsdzspmqc"",
  ""error"" : null,
  ""preload"" : ""gdyxkrpvm"",
  ""seeking"" : false,
  ""networkState"" : ""NETWORK_LOADING"",
  ""seekable"" : [ ],
  ""buffered"" : [ ],
  ""readyState"" : ""HAVE_CURRENT_DATA"",
  ""autoPlay"" : true,
  ""currentSrc"" : ""ozgboqayhufojc""
}"
sp_281_Normalized,{ }
sp_130_Normalized,{ }
sp_367_Normalized,"{
  ""schema"" : ""myu"",
  ""processingManifest"" : null,
  ""database"" : ""rxnfmqgeebeoap"",
  ""password"" : ""sdzspmqcxjtgdy"",
  ""port"" : 11545,
  ""purpose"" : ""ENRICHED_EVENTS"",
  ""name"" : """",
  ""host"" : ""PW6v-yt.tm"",
  ""sshTunnel"" : null,
  ""id"" : ""lwrkvmeozgb"",
  ""username"" : ""ayhufo"",
  ""sslMode"" : ""DISABLE""
}"
sp_223_Normalized,"{
  ""configurationVersion"" : 97042466,
  ""configurationBundle"" : [ ]
}"
sp_311_Normalized,"{
  ""iglu:"" : { }
}"
sp_200_Normalized,"{
  ""personalizations"" : [ ],
  ""from"" : {
    ""email"" : ""oapezsdzspm""
  }
}"
sp_236_Normalized,"{
  ""shredding"" : {
    ""timestamps"" : {
      ""min"" : ""w"",
      ""max"" : null,
      ""jobCompleted"" : ""nfmqgeebeoape"",
      ""jobStarted"" : ""dzspmqcxjtgdy""
    },
    ""compression"" : ""GZIP"",
    ""typesInfo"" : {
      ""types"" : { },
      ""transformation"" : 0
    },
    ""processor"" : {
      ""artifact"" : ""mp"",
      ""version"" : """"
    },
    ""base"" : ""kvmeozgboq""
  },
  ""application"" : ""hufo"",
  ""loadingCompleted"" : ""mxghpteqrgfnz"",
  ""attempt"" : 869390288,
  ""loadingStarted"" : ""gwxhtn"",
  ""tags"" : { }
}"
sp_249_Normalized,"{
  ""self"" : {
    ""vendor"" : ""50dtscAzDMRCkVeDaVPm0jkg0J.jNBC.-uvRZbBD-7P5g"",
    ""name"" : ""bItPQLG4LQ7umfH6JZLhnG-wB_-Inq7eLO3p1k7fsrgKNMXEXc7mimC-1H80Uy3Op1doLlth"",
    ""format"" : ""4ZdtsczyCLQCkUdCaUOmZjkgZI-jMAC-9uuRYbBD96P4g"",
    ""version"" : ""7711001104829508697275009983729624294589793451213231056236483371977638364685795530099630795376775-29184981040072994726751432084740066-65585070703149856033876915352192210623371559276815063""
  }
}"
sp_353_Normalized,"{
  ""vendor"" : ""myu"",
  ""name"" : ""krxnfmqgeebeo"",
  ""parameters"" : {
    ""output"" : { },
    ""database"" : {
      ""mysql"" : {
        ""password"" : ""x"",
        ""database"" : ""gdyxkrpvmw"",
        ""port"" : 16492,
        ""host"" : ""ylw"",
        ""sslMode"" : true,
        ""username"" : ""eozgboqayhufojc""
      }
    },
    ""cache"" : {
      ""size"" : 391213663,
      ""ttl"" : 9044
    },
    ""inputs"" : [ ],
    ""query"" : {
      ""sql"" : ""jsjgg""
    }
  },
  ""enabled"" : true
}"
sp_17_Normalized,{ }
sp_398_Normalized,{ }
sp_18_Normalized,{ }
sp_371_Normalized,"{
  ""schema"" : ""myu"",
  ""processingManifest"" : null,
  ""purpose"" : ""ENRICHED_EVENTS"",
  ""maxError"" : 45180,
  ""jdbc"" : { },
  ""compRows"" : 94535992,
  ""database"" : ""mqcxjtgdyxk"",
  ""password"" : ""vmwmmpmpylwr"",
  ""port"" : 18490,
  ""roleArn"" : ""zgboqayhufojcmxghpte"",
  ""name"" : ""gfnzdjsjggw"",
  ""host"" : ""15:68:1A:B:17:1:E:05"",
  ""sshTunnel"" : null,
  ""id"" : """",
  ""username"" : ""ajiwsnl""
}"
sp_309_Normalized,"{
  ""iglu:"" : { }
}"
sp_372_Normalized,"{
  ""schema"" : ""myu"",
  ""processingManifest"" : null,
  ""purpose"" : ""ENRICHED_EVENTS"",
  ""maxError"" : 45180,
  ""jdbc"" : { },
  ""compRows"" : 94535992,
  ""database"" : ""mqcxjtgdyxk"",
  ""password"" : ""vmwmmpmpylwr"",
  ""port"" : 18490,
  ""roleArn"" : ""zgboqayhufojcmxghpte"",
  ""name"" : ""gfnzdjsjggw"",
  ""host"" : ""15:68:1A:B:17:1:E:05"",
  ""sshTunnel"" : null,
  ""id"" : """",
  ""username"" : ""ajiwsnl""
}"
sp_328_Normalized,"{
  ""payload"" : {
    ""vendor"" : ""qgeebeoapezs"",
    ""encoding"" : ""spmqcxjtgdyx"",
    ""version"" : ""pvmwmmp"",
    ""collector"" : ""ylw""
  },
  ""failure"" : {
    ""vendor"" : ""eozgboqayhufoj"",
    ""messages"" : [ ],
    ""version"" : ""hpteqrgfnzdj"",
    ""timestamp"" : ""ggwxhtnskcwa""
  },
  ""processor"" : {
    ""artifact"" : ""nlz"",
    ""version"" : ""37652478154743851234992562384065646093278791498019410339773973080500258493353534602448975875.68752176334286653202816575169013093835850150239700846777894434147688328148685853786937684.663965044092098487427452075038304799393762693388470504644194009312240592887864879722228*r3M)~}-W\"">mtftztBQm0K;HdB;_0E""
  }
}"
sp_310_Normalized,"{
  ""iglu:"" : { }
}"
sp_261_Normalized,{ }
sp_137_Normalized,"{
  ""name"" : ""geeb""
}"
sp_138_Normalized,"{
  ""name"" : ""geeb""
}"
sp_0_Normalized,"{
  ""app_id"" : ""wxhtnskcwajiws""
}"
sp_338_Normalized,"{
  ""event"" : { },
  ""error"" : ""i""
}"
sp_346_Normalized,"{
  ""payload"" : {
    ""vendor"" : ""qgeebeoapezs"",
    ""encoding"" : ""spmqcxjtgdyx"",
    ""version"" : ""pvmwmmp"",
    ""collector"" : ""ylw""
  },
  ""failure"" : {
    ""vendor"" : ""eozgboqayhufoj"",
    ""messages"" : [ ],
    ""version"" : ""hpteqrgfnzdj"",
    ""timestamp"" : ""ggwxhtnskcwa""
  },
  ""processor"" : {
    ""artifact"" : ""nlz"",
    ""version"" : ""37652478154743851234992562384065646093278791498019410339773973080500258493353534602448975875.68752176334286653202816575169013093835850150239700846777894434147688328148685853786937684.663965044092098487427452075038304799393762693388470504644194009312240592887864879722228*r3M)~}-W\"">mtftztBQm0K;HdB;_0E""
  }
}"
sp_339_Normalized,"{
  ""payload"" : { },
  ""failure"" : ""i""
}"
sp_345_Normalized,"{
  ""failures"" : [ ],
  ""enrichedEvent"" : { },
  ""processor"" : {
    ""artifact"" : ""u"",
    ""version"" : ""7711001104829508697275009983729624294589793451213231056236483371977638364685795530099630795376775.29184981040072994726751432084740066.65585070703149856033876915352192210623371559276815063J^ JkI?Q])<N0ur xXF/bD ( .u|M3}bFu8?lrm'/%nd?24{Z`O9D; ""
  }
}"
sp_341_Normalized,"{
  ""payload"" : { },
  ""failure"" : { },
  ""processor"" : {
    ""artifact"" : ""nfmqgeebeoape"",
    ""version"" : """"
  }
}"
sp_333_Normalized,"{
  ""event"" : { },
  ""errors"" : [ ]
}"
sp_342_Normalized,"{
  ""payload"" : { },
  ""failure"" : {
    ""messages"" : [ ],
    ""timestamp"" : ""xnfm""
  },
  ""processor"" : {
    ""artifact"" : ""beoape"",
    ""version"" : ""5076717354313270307595344040800454790012725272267640226626000692614599057.5329075896219116926875350932871971997480979958467947373738012103.6090666581721168608950543235352899155110492944`u00Zt<^\""0NwF#V@[Zf[~cioRkU>R=} _3XI""
  }
}"
sp_343_Normalized,"{
  ""payload"" : { },
  ""failure"" : {
    ""messages"" : [ ],
    ""timestamp"" : ""xnfm""
  },
  ""processor"" : {
    ""artifact"" : ""beoape"",
    ""version"" : ""5076717354313270307595344040800454790012725272267640226626000692614599057.5329075896219116926875350932871971997480979958467947373738012103.6090666581721168608950543235352899155110492944`u00Zt<^\""0NwF#V@[Zf[~cioRkU>R=} _3XI""
  }
}"
sp_330_Normalized,"{
  ""payload"" : { },
  ""failure"" : { },
  ""processor"" : {
    ""artifact"" : ""nfmqgeebeoape"",
    ""version"" : ""5076717354313270307595344040800454790012725272267640226626000692614599057.5329075896219116926875350932871971997480979958467947373738012103.6090666581721168608950543235352899155110492944`u00Zt<^\""0NwF#V@[Zf[~cioRkU>R=} _3XI""
  }
}"
sp_334_Normalized,"{
  ""payload"" : { },
  ""failure"" : [ ],
  ""processor"" : {
    ""artifact"" : ""u"",
    ""version"" : ""7711001104829508697275009983729624294589793451213231056236483371977638364685795530099630795376775.29184981040072994726751432084740066.65585070703149856033876915352192210623371559276815063J^ JkI?Q])<N0ur xXF/bD ( .u|M3}bFu8?lrm'/%nd?24{Z`O9D; ""
  }
}"
sp_331_Normalized,"{
  ""payload"" : { },
  ""failure"" : { },
  ""processor"" : {
    ""artifact"" : ""nfmqgeebeoape"",
    ""version"" : ""5076717354313270307595344040800454790012725272267640226626000692614599057.5329075896219116926875350932871971997480979958467947373738012103.6090666581721168608950543235352899155110492944`u00Zt<^\""0NwF#V@[Zf[~cioRkU>R=} _3XI""
  }
}"
